SMM4H2022UsOrVPnHjHXTdciW	ADE	bruising	30	38
SMM4H2022nqSx5YKgncBmaJ40	ADE	staring at myself	22	39
SMM4H20227fgc68K2dIAbvPLj	ADE	ripping their clothes off	68	93
SMM4H20226SwdPJeIwdtgHNlJ	ADE	feel like i am going to die	96	123
SMM4H2022grb3peMyLn0aZM4G	ADE	straighten my hair	78	96
SMM4H2022PkLf7iWoae4WnahZ	ADE	cramps	80	86
SMM4H2022VA0lFurlV5FcCmyJ	ADE	sweaty incident during the show yesterday i looked it up and whaddayaknow sweating	22	104
SMM4H2022T4xOdFkQosP6NHaC	ADE	lightheaded	92	103
SMM4H20227boRJh6GFoGsF3Sk	ADE	addicted to xanax in high school its a miracle i still remember	13	76
SMM4H20222krXvnYPV9QfSjWh	ADE	withdrawal	108	118
SMM4H20224R9sQnvkX9I7VZAX	ADE	sick	20	24
SMM4H2022BLaO11F6PBtc2siW	ADE	throwing up	34	45
SMM4H2022s0qpuic35LSW4til	ADE	the shingles	98	110
SMM4H20227HrpD4eKixKkdJzv	ADE	weird dreams dreamed i was hanging out with a group of young gay men who were obsessed with obtaining perfect dark skin	14	133
SMM4H2022ZC9i6G9IQAgp3sPy	ADE	tummy	31	36
SMM4H2022uRKWYu44Bz2xGHTy	ADE	personality changes	84	103
SMM4H2022M5W38tQa99CiPRS3	ADE	gall bladder	115	127
SMM4H2022efGJKGD8nExIEIhR	ADE	tolerance	89	98
SMM4H2022SsDRFvvHQ72T9yH3	ADE	lost 3 days of my life	105	127
SMM4H20226XAgyMzjvduMDysd	ADE	drunk	30	35
SMM4H2022BDRlkCz1Za7LIROE	ADE	cramps	39	45
SMM4H20224gHYVb4cCdRqZQkV	ADE	dreams	4	10
SMM4H2022Nxslx2I1hINpQkoO	ADE	mad appetite	19	31
SMM4H2022DBvZyNTL93kxdnNj	ADE	flares floor me so i can empathise with you on that doc put me on lyrica 18mths ago n iv put 5st on n lost my memory	12	128
SMM4H2022wjqmynj1AA27MYUw	ADE	opioid withdrawals	32	50
SMM4H2022xalCyNWv07BQz9O9	ADE	pee more and obviously	136	158
SMM4H2022DvzTYDUlfMIvxSbH	ADE	bowels	3	9
SMM4H20220sD1HwRFGvwkezbi	ADE	bitchy	44	50
SMM4H2022RGSiPodnuZPLDh5v	ADE	feel worse	101	111
SMM4H2022NBsyG5dH3rrbVAUt	ADE	tumbling out of dreams into a half conscious state	64	114
SMM4H2022M8AYElg2hJ7MYDVx	ADE	jitters	32	39
SMM4H2022Uf0Oxd3mi4fNoV2a	ADE	doctors refuse to listen even to doctors dr duane graveline astronaut aerospace medical research scientist flight surgeon family doctor was given lipitor to his cholesterol temporarily lost his s t memory	9	213
SMM4H2022s1Zn22jgSVGrasWa	ADE	bloated today adderall hangover	18	49
SMM4H2022qZqN9jjRD5Bhk37E	ADE	fart like buggery	61	78
SMM4H2022aSuoYosdjB6Lb43q	ADE	drunk	75	80
SMM4H2022wvj3sx6Qhv1O0syX	ADE	acidosis	123	131
SMM4H2022iTRgAHEyjPzWS7vS	ADE	hallucinating	91	104
SMM4H20228vFMAL0NoDZpuQTZ	ADE	pain	35	39
SMM4H2022DZ5yPvaeicULnbXG	ADE	hyper not chill	67	82
SMM4H2022qcIAfmm6wDxbkbed	ADE	knocked me out last night probably bc i tried taking it nasally	9	72
SMM4H2022wyRyym737XahkuqC	ADE	double vision	33	46
SMM4H2022iQ284c6TW4WGyXSA	ADE	weak	21	25
SMM4H202294rFNyud0rCu9ntS	ADE	heart started to beat fast	48	74
SMM4H2022Qm3z9MPj6rlAB1O9	ADE	shaky	44	49
SMM4H2022K93QunxZV2ni6V3I	ADE	wide awake or exhausted	36	59
SMM4H2022DUu1svzkMiSxcodR	ADE	reaction	25	33
SMM4H2022q5XtQn60Y9Dr1edB	ADE	vibrating	70	79
SMM4H2022bXp4SWpCCHCk9Hme	ADE	lose a bunch of weight	40	62
SMM4H2022kkobwAqVNqA1GGuJ	ADE	withdrawal	53	63
SMM4H2022xrg3OdTdfNFp7pUh	ADE	gi	116	118
SMM4H2022ugDfMDBXl79sRcFc	ADE	on my veins	46	57
SMM4H2022Uam3u6R6hVIcVPTO	ADE	no appetite or sleep	40	60
SMM4H2022CxdAD8SLUr1d4iCz	ADE	trashed my immune	116	133
SMM4H2022C5Ub9pXNZm16kk9Q	ADE	worse than the pain	54	73
SMM4H2022Sw9eCZnIFfFAdXxC	ADE	nauseous	75	83
SMM4H2022wHZlXxh2bN0k8r7B	ADE	have no appetite	17	33
SMM4H2022oyrh7t24NyMKcR9M	ADE	wings and i can t eat	36	57
SMM4H2022VbRv0HAR8toib8he	ADE	crashed my immune system	95	119
SMM4H2022oE3t4lSFkbBVRdni	ADE	sick	42	46
SMM4H2022znTrKAtvaUvXuK5R	ADE	trip	71	75
SMM4H2022vCaziQH3QJ3UT0F4	ADE	ur gut	101	107
SMM4H2022mfB4wigpCvNrg2Zo	ADE	can t get	79	88
SMM4H20224MP1GA3NOzagBkI7	ADE	gain weight	28	39
SMM4H2022odUsfY8J2fykgcSm	ADE	spaced out i also take anoxicillin as i may have infection	58	116
SMM4H2022MvLxh4YPLrctvN6I	ADE	brain zaps	42	52
SMM4H202216KhQbF51FA32nPh	ADE	panic attack	39	51
SMM4H2022DCr10RVidBQ2IBMB	ADE	puking	75	81
SMM4H2022l7Pgsq4iyKPLmX5R	ADE	sleepy and hyper at the same time chronic pain	49	95
SMM4H2022U81GrpMMl9UXzg0S	ADE	adderall gives you adhd	55	78
SMM4H202252D8BlolcuyWgRWY	ADE	sweats	54	60
SMM4H2022cy2133eJIKHLU6wj	ADE	hurting tonight and temp	28	52
SMM4H20221cQFASFOS1MOk84T	ADE	shakinglikeapolaroidpicture	99	126
SMM4H2022MK4mOq7LJg8Qu4aO	ADE	body is slowly being ruined	107	134
SMM4H2022eD7ek0FYm4Rlq9UU	ADE	having a cognitive transformation bigger	31	71
SMM4H2022eeI8WtUXdCDOwAkU	ADE	limping from the levaquin cure for my pneumonia that dissolved left knee cartilage	41	123
SMM4H2022LTdolNg03HL5PQZV	ADE	shaky	73	78
SMM4H2022YXZ49oLBgTYDH3id	ADE	@USER_____ glad that worked. humira made me sick, remicade stopped working, nothing works. cimzia on now, but not working well either	0	133
SMM4H20224bnAO1DJSAuUaBII	ADE	burns	27	32
SMM4H2022NwDNXPtXc3NXXPJ5	ADE	heartburn	56	65
SMM4H2022dvsUR2bwXApHtglg	ADE	dry mouth	70	79
SMM4H2022hwYiqypodp6XSH5J	ADE	put weight on	43	56
SMM4H2022ohmwlhDKB1XPn3mb	ADE	feeling like death	54	72
SMM4H2022RuygMyKZzTq5oysz	ADE	those 10 seconds seem to last	54	83
SMM4H2022KeZp4Pjlcg4JQV2O	ADE	nauseated	86	95
SMM4H2022ezKl1nxWE1U4SNaf	ADE	to kill	47	54
SMM4H20221CVwzj1j0WeskXde	ADE	brainzaps	115	124
SMM4H2022zSuCKIlROHf8vTG3	ADE	hurt	33	37
SMM4H2022mhJj5NUjeBKWkBJ8	ADE	strain on heart	54	69
SMM4H2022qiiqkaI6VJxOEi2K	ADE	@USER________ sure if it was bipolarity or adhd but since adderall didnt make me speedy its adhd? honestly not being able to afford help and having people constantly deny your shit is so hard. like i have virtually no memory now. my processing has vastly slowed in the past 5 years. and tbh-	0	291
SMM4H2022JZd17jELhsVD4SKq	ADE	hyperactive will have clean house but broken	86	130
SMM4H20227JaniNIsANkMQBGJ	ADE	rash	24	28
SMM4H2022GBvy78Ec2OXh6sUt	ADE	dizzy	116	121
SMM4H20227ap5BZLQtoUdm0qf	ADE	withdraws	72	81
SMM4H2022uTOKHhbxb7qlevTE	ADE	withdrawal	84	94
SMM4H2022mQ3wmI2VPLBf9LpE	ADE	sleepy	120	126
SMM4H2022bcNYvaX3w7tInnF7	ADE	flushing	53	61
SMM4H2022DDyX4W3SI0KBi57y	ADE	lunesta haze	50	62
SMM4H2022bddowmkPqtnvgW3g	ADE	fatigue	92	99
SMM4H20226zrjwtiY4okFe88Y	ADE	numb and tingly	19	34
SMM4H2022aYA1QemNs8EMknTw	ADE	feel great that day but always feel awful	29	70
SMM4H20226SatwJAHTXzvXryv	ADE	drunk when i take them that i m literally stumbling	59	110
SMM4H2022anaYOUHpyPWgM2zE	ADE	light headed	70	82
SMM4H2022dfdLQK3s5VdASY4S	ADE	with pots but i do have orthostatic hypotension	31	78
SMM4H2022FfrCqLkHhz29y0n9	ADE	80lbs	195	200
SMM4H2022Ys8iyvTW03X9uOpd	ADE	sleepy	13	19
SMM4H2022yhVJje5ZqXpGHdnd	ADE	nauseous	85	93
SMM4H2022p1NMdGuIEtPGHljb	ADE	cravings until you can t fit into your dress pants	56	106
SMM4H2022WbD4cvc5vXfoBiIU	ADE	weight gain	57	68
SMM4H2022kHiqC9Qq6YyUCJz7	ADE	sweating	37	45
SMM4H20228YktPocQCzUCNBaN	ADE	gobs up in my throat and i gag like the cat trying to hack up a hairball	51	123
SMM4H2022KmPIlrNduwWRhFfU	ADE	fatigue	77	84
SMM4H2022g6xgkC03OBnuxNU5	ADE	memory loss	10	21
SMM4H2022PiORX5tBVmxafsRJ	ADE	hurt so much amp my mouth goes numb	92	127
SMM4H2022ppcGuAW2q2L9bEzB	ADE	gaining 45 pounds	163	180
SMM4H2022srQFafj2M8fgkE8v	ADE	withdrawing	57	68
SMM4H2022ZSroEySOz8UFgBxM	ADE	drowsy	115	121
SMM4H2022GrcRSzb1lDS60cQ5	ADE	slump	33	38
SMM4H2022gwVwACG7rn9ll2r6	ADE	lucid dreams	37	49
SMM4H2022uibXDfMAgvvvZCzD	ADE	hangover	79	87
SMM4H2022xTSHtU0lSDcWelUZ	ADE	cramps	8	14
SMM4H20226TwXcyM0ocQOXK7k	ADE	stomach is on fire	63	81
SMM4H2022pZ7icVqWgeGL6oAv	ADE	body stopped responding	96	119
SMM4H2022Sd33fNxblXqCnPW3	ADE	headache	45	53
SMM4H2022f8czMtMQJ7spnz2I	ADE	eyes and mouth	99	113
SMM4H2022jhdJ1scYhRAUCwXe	ADE	wake up throughout the night	69	97
SMM4H2022yWTizjUQRRSVfwfx	ADE	jitterysteroids	44	59
SMM4H2022IXfIMU4qLe1jBSx1	ADE	user 8 months of no treatment went back to my original rheumy and she s trying to get me back on remi i was allergic	1	117
SMM4H2022tM7xixaTiGtdPgM0	ADE	not sleep	36	45
SMM4H20221tdxAkOnKgV74fDR	ADE	shaky and i m taking lunesta but i keep sleeping	60	108
SMM4H2022Zu71RaiceVYelkRX	ADE	weight gain	42	53
SMM4H2022zbqq6Caq8sycext3	ADE	not been sleeping	12	29
SMM4H2022bVATRwZ3ymzHsZfx	ADE	sick	103	107
SMM4H2022iBI6ZiGPrlGoTnmi	ADE	addiction	52	61
SMM4H2022AmJ3vlSKlglNoRby	ADE	withdrawals	18	29
SMM4H2022kTAEfoI5e0X5KVV9	ADE	constipation	0	12
SMM4H2022ipzOmCaYdin8N6UV	ADE	nap	29	32
SMM4H2022luVGNLriRHt3SjjQ	ADE	crazy	31	36
SMM4H2022xcBRWRomlUr6vTQ6	ADE	shrink an inch	25	39
SMM4H2022JIDWkBwKVLhyH0bj	ADE	tolerance	105	114
SMM4H2022PQyQvLLBtnADZyEm	ADE	sweating	43	51
SMM4H20222qQfcDHQPVLU62Oc	ADE	ache much but i do at times with the rebif i ached	25	75
SMM4H2022XlHHCXxB05cwTDkh	ADE	coma	59	63
SMM4H2022tyFBAZMyfe7mpOki	ADE	allergic	4	12
SMM4H2022RZHYRd0PYRPxnaeA	ADE	tired	6	11
SMM4H2022RLWOmUM15IZAYqcK	ADE	joint pain	16	26
SMM4H20228u4rDDtUW75HPlGz	ADE	glassy eyed	43	54
SMM4H2022XPeP8rMssSQRBGpM	ADE	lose weight	31	42
SMM4H20228IbyEkgqki7lku98	ADE	sicker	59	65
SMM4H2022kQIN1iSIsrvD865H	ADE	opiate withdrawels	98	116
SMM4H2022kvXIVrlQ56rPcc61	ADE	weird taste in my mouth	90	113
SMM4H2022wdtwKtzOdZT8E4mC	ADE	not want to eat	50	65
SMM4H2022Oi7joqB51lAPYSAn	ADE	answer is very simple helping vets doesn t give him a boner like military hardware parades and campaign style rallies do it s that damned viagra tolerance	4	158
SMM4H2022QkM3SaWszeGwVZpn	ADE	almost killed me	62	78
SMM4H2022NWydEIMKkNub4BPC	ADE	muscle pain	54	65
SMM4H2022y75JIxjHTjwvM8OA	ADE	drowsy	77	83
SMM4H2022ubH3jzS4yIDeoc02	ADE	soar and hands all jittery	89	115
SMM4H2022Er0WoCGXDmsFfQo6	ADE	feel worse	26	36
SMM4H2022IqLsfekU1FxBtnUR	ADE	nerve damage	103	115
SMM4H2022oPqCsDfFOU8G3746	ADE	dehydrated	73	83
SMM4H2022mkTR9s6jpUsqHWgE	ADE	slept for like 36 hours	50	73
SMM4H2022EhfELJR0X81kH4FH	ADE	hallucinate	55	66
SMM4H2022yChZaK2K3PXyl0Jn	ADE	cramps	45	51
SMM4H2022tsKlGgk2mXvV5xhN	ADE	mouth numb	17	27
SMM4H2022gGM4SzXEJDoldcfw	ADE	puke	20	24
SMM4H20221RdFHOACkPvAa3Nn	ADE	drunk	115	120
SMM4H2022vHCP4OpOBNkatLSz	ADE	addiction	36	45
SMM4H2022gcXI4haRY18rhOAI	ADE	migranes	61	69
SMM4H2022QGeRuEPAmBXDNQef	ADE	depression	55	65
SMM4H2022q04olNFJF0kDSR1D	ADE	lost some effectiveness	98	121
SMM4H2022Gblw5LVeqysjxwt2	ADE	soon sir levaquin did a number on my joints	15	58
SMM4H20221z5OlKi8lFubkaDP	ADE	my mouth feel like it was attacked with a hairdryer	41	92
SMM4H20221kKggeuAeMhF4nDZ	ADE	stopped working	18	33
SMM4H20228D5qOnwKmI5UmRxd	ADE	why am i more wheezy	8	28
SMM4H2022UULpisgEiV4eMkCQ	ADE	gaining weight	91	105
SMM4H20229t5c0BP8QYycENf9	ADE	skin reactions are painful	36	62
SMM4H2022E9rFf983tbuPZ1Hm	ADE	slept for three days	66	86
SMM4H20221uaNciWKdo1ERyk2	ADE	i took too much inhaler during dancing and i got the shakes and started getting dizzy ugh ventolin overdose	0	107
SMM4H2022Go1jJNTyNW85XkNk	ADE	memory loss	94	105
SMM4H2022xKXz2JHjmuw6EyPl	ADE	itchy skin but i really need scratch	57	93
SMM4H2022VSnui3AQNYgMNCBr	ADE	weight gain and hair loss	99	124
SMM4H202289dgEuGhV6YgSJtz	ADE	loopy	102	107
SMM4H2022VO9iOAC7gAy9gWAJ	ADE	havent slept for 26 hours im on adderall i cant scream	12	66
SMM4H2022UJirJsxFxPO26tbf	ADE	drowsy	103	109
SMM4H2022LVWQvvDEQT73IBPo	ADE	shock	101	106
SMM4H2022AolNYf51ABMxZCaY	ADE	i was having ; itchy feeling all over ,skin felt like it was crawling, muscle twitches, this always lasted over 2 hours after taking saphris	0	140
SMM4H2022MoSbH2oQWD4Rc373	ADE	dizzy rsdprobs	101	115
SMM4H2022k2Iy6n1SsxoqkYyS	ADE	shortness of breath and lung congestion	52	91
SMM4H20228WPTFoiD7UtEhnf2	ADE	hair falls off	74	88
SMM4H2022Fdzln4skQpezQnmg	ADE	brain damage	0	12
SMM4H2022ArD16QxQQWdiNAAQ	ADE	panic attacks	74	87
SMM4H2022F1dIUlxie40uvEPX	ADE	limb control	128	140
SMM4H2022l2BwGazSxoKknfHF	ADE	allergic reaction	41	58
SMM4H2022ckYX5qWt4tNJxAI0	ADE	suck out all my energy	9	31
SMM4H2022pmifSrR6bdl1GCog	ADE	horny but when i gain weight	48	76
SMM4H20227G82aNTWPIUVnqSw	ADE	awful	77	82
SMM4H2022oTXCYQq870jGy7HW	ADE	nightmares	61	71
SMM4H2022jT1QyiJ7eyplJije	ADE	sicker for longer i almost took imodium before i puked	74	128
SMM4H2022BdiPkLdLbsg6ZGtN	ADE	sleepy	45	51
SMM4H2022gaI3qFCfoMQwzyz2	ADE	heart palpitations to the point where i think i m about to have a cardiac arrest	35	115
SMM4H2022vfzSF69Ufs69Vvnf	ADE	depression	113	123
SMM4H2022UHXElqXANlAdEDOQ	ADE	brain s mushier	14	29
SMM4H20226NI80kNqQctG9lG6	ADE	violently ill	113	126
SMM4H2022mo5ijmxlyBrhqYKb	ADE	lovey dovey huggable	10	30
SMM4H2022LToUNrZ46zV9MVeX	ADE	bawling my eyes	90	105
SMM4H2022gyUp8AX5owVfxy8K	ADE	insomnia	66	74
SMM4H2022NiB6dmJTTP2sQG5n	ADE	chest feel like there s a tightness	37	72
SMM4H2022RKz8OdiGiScoIAtx	ADE	migraines	89	98
SMM4H2022sDCatVYKeZKhupNz	ADE	brain is mush	73	86
SMM4H2022fDEhRv0yhzATCs6L	ADE	emotionally unstable bitch	77	103
SMM4H2022IJjAKhS0Yx9F0zVS	ADE	infectious colitis the flagyl and levaquin have knocked me on my	45	109
SMM4H2022VtvHSa1Wppa9HrX9	ADE	heartburn amp lower back pain	30	59
SMM4H2022J3AZCplpotSJZgRz	ADE	psychotic	87	96
SMM4H2022sJREVhSwiC5jmdl9	ADE	levels and armour thyroid makes my heart beat	37	82
SMM4H2022AXOkc9y62FvwcN36	ADE	palpitating	7	18
SMM4H2022KaL1Olsm3LuJc6KF	ADE	@USER________ lexapro made me lethargic but also affected my sleep (insomnia) and had a few other issues. taking pristiq now, works for me.	0	139
SMM4H20224SFxl4XmzZjgf68a	ADE	hurting my joints less pain	93	120
SMM4H2022OI5BGtrSMunpTyNS	ADE	slpy	70	74
SMM4H20222K3DPM0aLnXPEVZ1	ADE	legs	24	28
SMM4H2022XW2RGpXjy5mEMUkA	ADE	dream ever note to self don t take a nap	29	69
SMM4H2022fnDW5hU78OXp4muV	ADE	cravings to eat	6	21
SMM4H2022DeF4AvYJmtS1fy52	ADE	light headed	109	121
SMM4H2022KAs5aHy2FIgcJ60x	ADE	tardive dyskonesia	62	80
SMM4H2022FlKPe80F8nSQlWdc	ADE	weight gain	65	76
SMM4H2022daMvA0ZUfzkewBn7	ADE	with the synthroid i only have wtf dreams	63	104
SMM4H2022bNl81yfiZGbURAoc	ADE	bleed	90	95
SMM4H2022NPC59074iK43bWp0	ADE	sick	134	138
SMM4H2022ukrsbM10Z1EjLfJ3	ADE	cum like 6 times	21	37
SMM4H2022CHHbkdACiKYSNNw1	ADE	hurt my tummy	29	42
SMM4H2022QLMxran0Xjof2JZO	ADE	takes away all his strength	76	103
SMM4H2022R61oBnQ4gNAAzsmq	ADE	headache	91	99
SMM4H2022xXvqG1F0XtHP3URh	ADE	taste gross	33	44
SMM4H2022YiRQmx4daIGqZgO7	ADE	allergic	34	42
SMM4H2022PRP7lfEHcuscFFxO	ADE	string many words together in an incoherent	64	107
SMM4H20227G8Da9tWPXr9dMfR	ADE	hunger	74	80
SMM4H2022qxebBBlFRgzdtKx0	ADE	puke	104	108
SMM4H2022ETMeBk8tPdjsAqtV	ADE	anxiety	31	38
SMM4H2022CTD2Ia7BSWE5jn18	ADE	mouth taste like iron	50	71
SMM4H2022ifPjZZ8LVkWCkdq9	ADE	passing out in public and losing chunks of my day	42	91
SMM4H2022GSUeiqFRBo41B3gp	ADE	ravenous ate everything in sight 6 months on but not anymore i am also type 1 diabetic	40	126
SMM4H20227V3LfrhRdgZlGrKt	ADE	throw up	26	34
SMM4H2022SpfXdnSFQxSuNkIx	ADE	tummy	17	22
SMM4H2022gxWWaSQsanlTU3eI	ADE	gained 20 lbs	56	69
SMM4H2022UF4NRsGhIG1GzjKu	ADE	dreams had me screaming	10	33
SMM4H2022zLqAcGUsMmBymCxH	ADE	clumsy	18	24
SMM4H2022ioFCIUgQEBNa8JtU	ADE	allergic reaction	39	56
SMM4H2022qUEKRWBBMQ2Gy5Fn	ADE	bonkers but i found strong	25	51
SMM4H2022wegGB045mgmp6Tug	ADE	reaction	58	66
SMM4H2022XflXhC63z2E2mKNi	ADE	double	109	115
SMM4H2022WT3bU9MKkoClFfkX	ADE	killed mom	116	126
SMM4H20222f3FwzTHHfsGfbOO	ADE	tummy hurts	35	46
SMM4H2022vmt3fU6gz0GyF1ja	ADE	after taste	67	78
SMM4H2022125ILQANB6bxLPog	ADE	18 trying to lose weight	68	92
SMM4H2022fJI7rtVBPcpyFylf	ADE	floating	55	63
SMM4H2022xyb469Mjg6u0CpmR	ADE	developed lymphoma from humira amp celebrex caused heart problems	24	89
SMM4H2022M9OB8CYZV2aZibMM	ADE	hives	26	31
SMM4H2022FZazocsP99U5XP86	ADE	losing weight	43	56
SMM4H2022WKstABeTiwaILawl	ADE	allergic	155	163
SMM4H2022K2VHvWiDIIRXGVxB	ADE	drowsiness	52	62
SMM4H2022GwUt4fOerWqoIjHk	ADE	withdrawals	15	26
SMM4H20222HkaIafOOJk36AnE	ADE	immunity	20	28
SMM4H2022Lyq4XSHRY5hATjgt	ADE	fat	33	36
SMM4H2022YWWviU9Da7JdwCH5	ADE	itchy	35	40
SMM4H2022S1EzuAXlipTd6T3a	ADE	racing heart	48	60
SMM4H20223AW2a8evFexoZhez	ADE	nervy	45	50
SMM4H2022waDmnXKBXKFoGmwB	ADE	withdrawing from pristiq must be like coming off heroin	63	118
SMM4H2022hhujjeBthPvT0uNv	ADE	gastro issues	40	53
SMM4H2022Rd7LN7QhE48TK0AX	ADE	shattered this time can t keep my eyes open	41	84
SMM4H20229j9yozkV1flM9yaM	ADE	munchies	73	81
SMM4H2022YCllKbyR4dPinxL8	ADE	diarrhea so she could take me outbid school but now i can t poop	46	110
SMM4H2022P6mObGAMjteLbGOA	ADE	knocked me out too much	50	73
SMM4H2022fi32nYF7RrLYGKmR	ADE	withdrawal	49	59
SMM4H2022LycgwsCH5f7q9i2T	ADE	pounds fatter	25	38
SMM4H2022Nkeda18maENx0hlM	ADE	burned	94	100
SMM4H2022876OPSO0QM40YL9R	ADE	reaction	52	60
SMM4H2022GJd4jCxHzzrSiQUx	ADE	thyroid	88	95
SMM4H202203cJg79OB3rrMQOc	ADE	sleepy	126	132
SMM4H2022o2852HmqLRs5m0ZE	ADE	swings while i was on it im on vimpat now and dehydration	53	110
SMM4H2022n2rMaFxZI8TrwMpu	ADE	pain back if i forget to change fentanyl patch buprenorphine withdrawal	17	88
SMM4H2022xYvq4eNy0iLteHQZ	ADE	lost a ton of hair	42	60
SMM4H2022Z0iePe9dp0brb5Gy	ADE	migraines	75	84
SMM4H2022V3C5AbjqIjKZgLHZ	ADE	weight	32	38
SMM4H2022Je7ld0UqkEmWWMEX	ADE	floating on them xanax swear to god it got me dizzy	0	51
SMM4H2022eyYDZWoNECVWTXfA	ADE	sex drive was non existent lol and my appetite was weird	50	106
SMM4H2022euB2kQVGtT5MUWev	ADE	undesirable sexual side	43	66
SMM4H2022wWqnQtrWVqmhqMi7	ADE	temperamental	46	59
SMM4H20225juiTyCOrCNyv3oQ	ADE	this increase in pregabalin (on fri) is making me so tired and a wee bit dizzy but anxiety is calmer when i feel like this :s	0	125
SMM4H20226Lq6s0pBGPTV55Rp	ADE	reaction to enbrel and it burns	41	72
SMM4H2022vDeE21lfrTNbo0w4	ADE	spasming	11	19
SMM4H2022UaKA7Zr5Z9gY2KEE	ADE	stupid	43	49
SMM4H2022uaz9y728c6Vo6AWB	ADE	fat and lazy	15	27
SMM4H2022Z6I3myFGooKa5sWO	ADE	asleep and want to stay in	75	101
SMM4H20229DSP3d4PM3foCHKw	ADE	puking	88	94
SMM4H2022VCsLBLVpGs14Q1MJ	ADE	tender amp red psoriasis	79	103
SMM4H2022jjGepSQaouE1SoMc	ADE	exhausted after their dose and need to sleep for	47	95
SMM4H2022tx6sHjcY7ev5VuuX	ADE	can t sleep	83	94
SMM4H2022fGoReTHv5dz7Z36Z	ADE	blue	32	36
SMM4H2022kMIuktognYwgGfY0	ADE	fast	40	44
SMM4H2022qJ7zTeZhjyy0TL5U	ADE	stomach probs for me thank goodness before this i was on viibryd amp my stomach was a mess	9	99
SMM4H2022PuGRzFVdtxZC1wg2	ADE	diarrhea	52	60
SMM4H2022mbTqpvtKWHKSayV2	ADE	leg cramps	28	38
SMM4H2022lpTWTNTrr9MKHTbE	ADE	it happens	29	39
SMM4H2022smwkN3SQ29q9UCyc	ADE	motor control jacked	108	128
SMM4H2022VJlsK5uWDN0zuuJB	ADE	floating	118	126
SMM4H2022wIDVnP8p1ns08Bab	ADE	pass out	58	66
SMM4H2022GrPAqsIWNkaTL9mu	ADE	basal rate	54	64
SMM4H2022IaD1uM8Z3LayA2HA	ADE	withdrawals	72	83
SMM4H2022sIEFSNT6Z8VJ4N7r	ADE	fatigue	55	62
SMM4H2022Oj8w5n0mzgisBVrJ	ADE	nauseous	46	54
SMM4H2022OsWKw1ESLkmxXo17	ADE	zombie	38	44
SMM4H2022BmzBme7AdPCbot5F	ADE	joints	63	69
SMM4H2022vzSN0N0AdHnPQ3ZK	ADE	dream	57	62
SMM4H2022CTT1iYgM1Jah1DKk	ADE	peeling very dry	64	80
SMM4H2022T0ZO15toqmf9LbL2	ADE	shitty dreams	48	61
SMM4H2022esiDvJ5k9KtA0bKq	ADE	methinks	0	8
SMM4H2022wJsDSYeoSgaiEDRh	ADE	opiate addiction the baby is going to be born amp have to withdraw	63	129
SMM4H2022Vxt0rfgFfLPrsiug	ADE	sleepy	88	94
SMM4H2022VEui3c04deIBXtPi	ADE	numb	23	27
SMM4H2022mD0lfXma45XCa5Xi	ADE	straight eyeliner wings	20	43
SMM4H2022URcJgmuuCRaMfFPk	ADE	itchy	4	9
SMM4H2022aKyxvtOp3YWiAdKn	ADE	nausea	15	21
SMM4H2022GnHFpdecm1rQKdfp	ADE	smoke like a chimney	31	51
SMM4H20226oKopZ1eNAklr5R9	ADE	sick	14	18
SMM4H2022MA6aBcgtBKfqBX5N	ADE	gain weight	38	49
SMM4H20224ENme8l2yx8y47RQ	ADE	withdrawal	69	79
SMM4H20220EuBTGU8Ojys9dYI	ADE	fog	30	33
SMM4H2022RNWKC8E9FqA3x7gT	ADE	light headed	14	26
SMM4H2022LAGIGbrme4r74XwU	ADE	migraine	29	37
SMM4H2022E7xOIm5DZ8g7uYbp	ADE	withdrawal	199	209
SMM4H2022TfvgK5TMrjDu2HhM	ADE	shake	115	120
SMM4H2022cdcBOSSCEKighhFC	ADE	body feel shitty	58	74
SMM4H20226CLlrUP2gp0xTM27	ADE	The adverse effects associated with febuxostat therapy include nausea, arthralgia,weakness, increased hepatic serum enzyme levels and rash.	0	139
SMM4H20227PdbhlrHYdy7dKPC	ADE	joint pain	26	36
SMM4H2022Gkqk3dQVziN7Mlvx	ADE	functioning when on pregabalin is next to impossible zombie	0	59
SMM4H20224pMVcM7aA6p3CRSj	ADE	drys out eyes amp mouth	102	125
SMM4H2022u92fZxejdJb1zoz9	ADE	lupus	37	42
SMM4H2022bzwDF94nv5sr5Gpv	ADE	tired	27	32
SMM4H2022uqfMIOcUlnMwOUHu	ADE	nightmares that youre not sure youve woken	30	72
SMM4H2022jYP41Q5rUlnm02ps	ADE	out of it	59	68
SMM4H2022Nh14G2MqCAEGIS31	ADE	seizure	96	103
SMM4H2022R15rFWfYA3hlkGsi	ADE	tired	109	114
SMM4H2022WzkwEiC0yMaOEy6m	ADE	flushed	49	56
SMM4H2022qwsfzqNc8Ei3SBEM	ADE	flushing is very uncomfortable	62	92
SMM4H2022lviMMb2oWYV5Zdtr	ADE	allergic reactoon	15	32
SMM4H2022SyJYbPl32q65vYTb	ADE	see double	47	57
SMM4H2022GmpfM08aPir118IU	ADE	headache	32	40
SMM4H2022bt1rIHXlgYxfW5b1	ADE	addicted	80	88
SMM4H2022aYOiJ80VE0jA5V73	ADE	withdrawl	12	21
SMM4H2022358vNfmSE2VolQru	ADE	falling asleep	75	89
SMM4H20224gnwICaTA6BTKN9N	ADE	twitches	75	83
SMM4H2022WenvMIs1HNnb6NDW	ADE	weight gain and swelling	32	56
SMM4H2022YbCMNaSHVZugF6cJ	ADE	hungry	43	49
SMM4H2022hwRwr74Du8dWNc8J	ADE	dependency	110	120
SMM4H2022zuSNDVXryIKjMmPV	ADE	tired	33	38
SMM4H2022iMRATgirZGPFK2P3	ADE	knee pain	44	53
SMM4H20220Rr3ZXSj5QEuDEjx	ADE	lose function	21	34
SMM4H2022L8cPrCZsxjeneqcY	ADE	slower than a snail	13	32
SMM4H2022Tmc4jgWgVyGw06eT	ADE	oversleep tomorrow amp gabapentin messing with energy levels	36	96
SMM4H2022jA3B8ICcHxfFYwA5	ADE	withdrawal	44	54
SMM4H2022rmFLBeOGOoNM48tU	ADE	withdrawal	0	10
SMM4H2022oai7QpM05WstrkA3	ADE	forgetfulness and food aversions	93	125
SMM4H2022kKdNnY9QGNh0DsNO	ADE	health	35	41
SMM4H2022SMSMr0O1nWzTyft0	ADE	antibodies	64	74
SMM4H20224UVs4CNswXnjoS1H	ADE	wobbly	86	92
SMM4H2022fCKLHHndv17ifP4d	ADE	lost 100 pounds	56	71
SMM4H2022LcCWTTUab8JEwlgj	ADE	tummy problems	37	51
SMM4H2022cD32NJzdv6ZYLcAC	ADE	hallucinations	17	31
SMM4H2022AtSM8oqA0ZfWjc5T	ADE	heart	51	56
SMM4H2022GVykwueMr4ePQhgN	ADE	mean and i m on neurontin too i feel like a drugged up	24	78
SMM4H2022s9ZuNUJFH6b2RyQe	ADE	reaction	104	112
SMM4H2022seZx0iet8mvtPdzJ	ADE	withdrawl	13	22
SMM4H2022soiXWYArm5u09QmA	ADE	heart rate go weird	106	125
SMM4H2022ZxPLqKA4BSsyAtE8	ADE	allergic	101	109
SMM4H2022I1tfYbjOfWuelV6f	ADE	sick	35	39
SMM4H2022aTd7tR3Ug8GJ6NL9	ADE	hurt my stomach	83	98
SMM4H2022fJjjPhIZOauUxRPN	ADE	haunting dreams and demon visions	95	128
SMM4H2022leZuYE8LtpodfGwv	ADE	boobs huge	69	79
SMM4H2022Fpmjkb2SjjVvAHrK	ADE	of suicide	59	69
SMM4H2022EGxxt1W3UOW05kq7	ADE	chest pain	25	35
SMM4H2022lPMSULBtAiNnZZBu	ADE	detached hypocrites	99	118
SMM4H2022Hov58m8YqAPeckNY	ADE	anemic	91	97
SMM4H2022wm5w3xpwc24D38io	ADE	9 years of the health care system that started out as a untreated infection due to work, to insomnia, to levaquin causing afib to cns issues	0	140
SMM4H20220ZaPNlIb2ie56nqx	ADE	user user user tysabri helped with my flares but killed my immune	1	66
SMM4H20223YD6uamx2txBPVKL	ADE	taste buds way off	18	36
SMM4H20229EBWneqKj18XeuZI	ADE	withdrawals	8	19
SMM4H2022OkJmzMuFHpMBzXrl	ADE	sleep like 15 18 hrs a day	46	72
SMM4H2022drmFgOceyKzEh38D	ADE	gain weight	33	44
SMM4H2022bu0WGEf2WAuDWhgX	ADE	weirdest feeling	45	61
SMM4H2022ct7jc7d3JDI0No9j	ADE	sensitive to sunlight	41	62
SMM4H2022JEfuBxE2Gwpmqi1a	ADE	digestive upset	109	124
SMM4H2022RnDzNbhVJq2EWgbe	ADE	anus is the addiction	29	50
SMM4H2022HYup8CEPvP93KMOw	ADE	trippy	59	65
SMM4H2022hzgqGxQsYdVxr86c	ADE	doped	59	64
SMM4H20224r83utUKyG1fBH9b	ADE	napping	73	80
SMM4H202216CLb2gdQQJ4wvdN	ADE	&gt; want to do paper to have free weekend &gt; too tired and delirious to start &gt; also too wired from residual effects of adderall &gt; dead	0	144
SMM4H2022AvNyMPuYUNenvkF4	ADE	Heroin use during #pregnancy can cause #preterm labor and #babies with low birth weight and development delays. Too much #methadone can cause dependence in the unborn baby, while too little can cause the mother to relapse or suffer from #withdrawal symptoms #health #nurse	0	272
SMM4H20228TaGOMvBG0g6qWCu	ADE	lupus	86	91
SMM4H2022ViLnVWT60l3sgDGa	ADE	allergic	38	46
SMM4H2022QYSv9XNyzJMBfiNP	ADE	klonopin addiction	9	27
SMM4H20226yHtRwElUAdyETt8	ADE	shrink an inch because i ve been 5 9 for years and the last year i was measured as 5 8	40	126
SMM4H2022vBAf3LJcmpFjChkU	ADE	curbs my appetite	89	106
SMM4H2022EePAHb6PJo8OVzIu	ADE	nose is dripping	32	48
SMM4H2022Ubq3Q9MpXmTSebsT	ADE	rash	122	126
SMM4H2022P800hBgQPnALhKOZ	ADE	lightheaded today switching	5	32
SMM4H20229E0rhekxAU1ygt8y	ADE	oversleep	65	74
SMM4H2022jQzyuyU69YLayZK3	ADE	mouth numb	71	81
SMM4H2022lCZ2qS9jVAf0dFBo	ADE	threw up	13	21
SMM4H2022iPKxH6IPO8DcfXzF	ADE	stomach ache and diarrhea	41	66
SMM4H2022eGXbVQNp0hqU6vpT	ADE	fucked up coming off saphris	24	52
SMM4H2022y8tJAuBcYbPY5NHv	ADE	panic attack	109	121
SMM4H2022jCi53f1E6Q2tSFf8	ADE	jittery	26	33
SMM4H2022Eed5zNiTaqILuph0	ADE	addicted	18	26
SMM4H2022bY8Hgk6USYpRrm7m	ADE	@USER___________ humira made me have a bad rash on my stomach and broke out with bad psoriasis on my leg. can't wait to start remicade	0	134
SMM4H2022fHniDZ77szUSKUwG	ADE	trouble sleeping	31	47
SMM4H2022TKzIPqg6RkMJXstT	ADE	sleep at 3am amp waking up	81	107
SMM4H2022voWP6CtUdXaFYNu5	ADE	withdrawal	43	53
SMM4H2022dBcSneo5jxMqZmjW	ADE	sleep was maybe not the greatest idea i feel like the whole world is spinning around me	51	138
SMM4H2022LEQqvZ5BvDyggjpq	ADE	drowsiness	24	34
SMM4H20223ywls0x8tif7sp3w	ADE	somnolence and dizzinesspic	73	100
SMM4H2022iPXbnlhI6Mow6uIb	ADE	addiction	39	48
SMM4H2022f5ic8PBW75HuZzla	ADE	seizure in the latrine at ait i would just fall asleep	45	99
SMM4H2022oZPoXrhwzvDFnBvy	ADE	tan	62	65
SMM4H2022I9bCUk7qASgUnTnU	ADE	brain zaps	99	109
SMM4H2022VB1Hf0BwDAOEpFLw	ADE	anaphylactic shock	18	36
SMM4H2022SMfjUgDPdobWsKpJ	ADE	in my sleep	48	59
SMM4H2022rClHejpt9aC9Xcr6	ADE	reaction	69	77
SMM4H2022Rr1eSyciarw4D1Gb	ADE	skin allergic reactions	59	82
SMM4H20227nuCYhWfio8ixGED	ADE	awake for days on end without	30	59
SMM4H20225e9uyqOwKH7IxEJJ	ADE	mouth is bleeding	22	39
SMM4H2022QA5ODfSSjYhchOsp	ADE	head hurts	41	51
SMM4H202259XQBFf4vXjoMU1f	ADE	@USER_________ i take qvar 2x a day. singulair gave me nightmares and advair made weird things grow out my skin, itching burning too :-/	0	136
SMM4H2022Bj1lyLvFiOC0m3um	ADE	got my stomach all types of fucked	7	41
SMM4H2022h1nOqmQDKldun0Qv	ADE	numbed my brain	44	59
SMM4H202264qmi2opuDsDf7zs	ADE	affecting my immune system now on aubagio amp having stomach probs	44	110
SMM4H2022Uhn4mdR8Mm7H9TyS	ADE	feel a lot worse	105	121
SMM4H2022tCYa6zgRc9Okj8aD	ADE	control of my	82	95
SMM4H2022n061Gzj1ggZquuzu	ADE	shaky	33	38
SMM4H2022tlUL6mYwIf1bRIsP	ADE	manicure after several puffs of ventolin is proving challenging to say the least shakyhands	22	113
SMM4H2022jinWIap6ADqRJvEz	ADE	headache	50	58
SMM4H2022kXllWQXp2xW88U53	ADE	addicted to metformin it gives u the poops	6	48
SMM4H2022KRqhV1O8YXDi7uXN	ADE	feverish	49	57
SMM4H2022O3afz53gqpB69Srs	ADE	reaction	39	47
SMM4H2022XhyQatTKtbvaiFU1	ADE	drowsy	94	100
SMM4H2022nLk9iQP4PPYgpxUs	ADE	allergic to crestor or if i m a caffeine hyper metabolizer	65	123
SMM4H2022nn7Ir6FtxVNpdw4j	ADE	exhausted	20	29
SMM4H2022BSa8BBpeAJ44Se1U	ADE	allergic to it and made me really sick	44	82
SMM4H2022JFTjbsGB9DmYgO4Z	ADE	gain lyrica and then gabapentin 30lbs	27	64
SMM4H2022tXk1WPdrfB2I9Qck	ADE	addicted	13	21
SMM4H202248OiyZEjVPpXb1W2	ADE	tendon tears or ruptures maybe that s why my achilles are screaming	38	105
SMM4H2022swK33vQcpSAU8DtZ	ADE	cramps	29	35
SMM4H2022tAdaQhJ45DqLjokD	ADE	vision went odd	98	113
SMM4H2022SRYtYSjfc2VVgQ2g	ADE	lucid dreams	34	46
SMM4H2022k5khkGaZeuhurg6q	ADE	erectile disfunction	64	84
SMM4H2022ivL7ujrAy2Yyfjgz	ADE	possum that s dead on the pavement in the middle of summer i am that bloated	60	136
SMM4H20222bpzJ4kqd6RkUZXS	ADE	taste funny	90	101
SMM4H2022bHjQOmfu7fAT1t2i	ADE	i'm having brain zaps and stomach cramps from stopping meds oxycontin is an evil drug even in moderation and effexor hurts my brain ugh!	0	136
SMM4H2022EDtClm9du0tWn0FP	ADE	cramps	70	76
SMM4H20226PBYI2NHPrbfUYmr	ADE	had something of a creative day around my pain and gabapentin wooziness and headache. sewing morning, painting afternoon, evening reading.	0	138
SMM4H2022PFaaRLIM8wNtR1kk	ADE	wet dreams	12	22
SMM4H202263vBuO8jHzDw8jCC	ADE	feel like i m on meth	26	47
SMM4H2022g2Iz7rUVHPyiTu8g	ADE	concentrate	40	51
SMM4H2022g6wuO7Va5BBfeOnT	ADE	bg uncontrollable	75	92
SMM4H2022r90dcsy7gjTWYUWd	ADE	pain management my memory and decision making ability	62	115
SMM4H2022V4knMt0C23GzJ5mX	ADE	weight	92	98
SMM4H2022xqxzrMMVU97thjIz	ADE	prevents me from waking up	27	53
SMM4H20227xIWA7Wjt0JMAD8q	ADE	sleepy	32	38
SMM4H202237qePHk7LpRbXnFq	ADE	ropey	92	97
SMM4H2022jh6v0TSwHLbbclWa	ADE	hunger is a side effect of advair smh maybe that s why i ve been binge eating and gaining weight	10	106
SMM4H2022pT8GUvybvcQ4ZCnA	ADE	balance this much i just bloody nearly fell off the toilet me cfs fibromyalgia	37	115
SMM4H2022yKDF7ht2qw4mItug	ADE	arms feel numb	33	47
SMM4H2022hwltVKh2nzFV8dD2	ADE	hiccups	105	112
SMM4H2022oRJZfLFmHSWAORS1	ADE	feel my joints	254	268
SMM4H20227f2lFx12UPUIkWBO	ADE	oh and advair can caused flushed skin too maybe that's why my cheeks randomly get red and hot	0	93
SMM4H2022uaWNTeJaGgP88OLg	ADE	it scares me the thought of having to be medicated forever bc i go with pristiq for 48 hours and i become so depressed and down, i hate it.	0	139
SMM4H2022FuJCpOHVfLuMEOUr	ADE	memory loss	37	48
SMM4H20220aAbrDIq45JlXgso	ADE	slept until	2	13
SMM4H2022QgEGgorjOamlgb9Y	ADE	insomnia	40	48
SMM4H2022MQNzPXFubV4qr12n	ADE	nausea	46	52
SMM4H2022vuvmuyD8L1mSV1fs	ADE	numb	42	46
SMM4H20226z9ycJInOxfKUlut	ADE	spaced as fuck and lost the use of	74	108
SMM4H20223z87ZWlOvG9mUUWq	ADE	physical addiction	16	34
SMM4H2022bDZAeYqrvV9VukLE	ADE	sleepiness from the gabapentin increase may be starting to wear off fed up with sleeping all	12	104
SMM4H2022arTDUsL1zqih0Bpo	ADE	coming off of viibryd is really fucking hard. vivid ass crazy dreams, burning up, now getting sad. everyone stick to 20mgs for your own sake	0	140
SMM4H2022F83CCv4CP3LgKQSN	ADE	weight like falling off besides my tummy	44	84
SMM4H2022DrWJFF1IlqUmSnrY	ADE	nausea	113	119
SMM4H2022nkBHQ8a41pJiT6uT	ADE	@USER______ i am disabled-live in pain from levaquin-some get better some do not. may 8 rally in wash dc-plea rid of cipro avelox and lev	0	137
SMM4H20221TuIu34eQRJ3YS6b	ADE	irritable	57	66
SMM4H20228ppGrGzmg4Ueytmd	ADE	heart burn	36	46
SMM4H2022csKocAvsghF3C4eE	ADE	sick	68	72
SMM4H2022jkvII0ThwIj1dO2M	ADE	bald	29	33
SMM4H2022jkEqFO7xvoUS5h1T	ADE	joint	115	120
SMM4H2022PlIk4VABkjrulP1b	ADE	noises	53	59
SMM4H2022GpXYO5QBMXCYLOQu	ADE	tastes	86	92
SMM4H20220Wxa3moN4kqn2onU	ADE	can't sleep, temazepam myself into a coma, pass out for hours on end.  finally wake up, feel like shite for days.  oh, i love my life! :-/	0	138
SMM4H2022KZUBh6FdbIemz00n	ADE	groggy	128	134
SMM4H2022qsfWk7Trq0RNfrl1	ADE	mess	85	89
SMM4H2022hExoY7O0qx2gIiM5	ADE	fall asleep	96	107
SMM4H2022S9VqlEsQAabeKLCO	ADE	half life of about 6 hours the last time i took was at about 9pm last night leh why still dizzy	40	135
SMM4H2022eZ74IK555HGu5jS8	ADE	allergic	6	14
SMM4H2022ddhTxjj0zOEEFQ4G	ADE	crash	30	35
SMM4H2022kV4ypKl84fuKF33q	ADE	swings and nightmares and insomnia	66	100
SMM4H2022HOLLHDPnGkJNMy8R	ADE	irritability	194	206
SMM4H2022VBVEubhmwN21vKqX	ADE	craziest dreams	29	44
SMM4H2022ds1UT5sAblPRyi4p	ADE	burns	122	127
SMM4H20220EKTo8eakljwlgjD	ADE	daze	53	57
SMM4H20228M0aTANkYKUtiVRi	ADE	drunk	20	25
SMM4H202262ohrLpKVPvjTUfZ	ADE	hurt to breathe	34	49
SMM4H2022k4FTFQFm2HXE7APM	ADE	okay, can't take lunesta now and get up on time so please mellow me out and get sleepy ms. xanax. gotta be able to be fun and loud tomorrow!	0	140
SMM4H2022aEsfdWUB2OULXwpR	ADE	sleepy	26	32
SMM4H2022YT6WEZ2jirs8UIK9	ADE	addicted to ventolin inhalers	10	39
SMM4H2022wWHIkdLMouWDOPQ7	ADE	happiest	22	30
SMM4H2022kS4JdGzBxBtJ1aI2	ADE	feel sick	48	57
SMM4H2022npu0AXvXBW1q0ME6	ADE	@USER_____ sorry u lost ur loved one to medication related anaphylaxis. my mother was vioxx casualty. went from looking vibrant to grave:(	0	138
SMM4H2022IEVmIyRJJfkmBnwB	ADE	nausea	57	63
SMM4H2022AsSKCYAY7p69LZbc	ADE	pain	134	138
SMM4H2022L1kwJrRF5dDjokb5	ADE	addicted	51	59
SMM4H2022KLdQdCE9p5DRgA9z	ADE	lupus rash	30	40
SMM4H2022joCUqkd2BbvXArml	ADE	heart is pounding	49	66
SMM4H20226JlIxkydySqhKNzm	ADE	my hair fall	105	117
SMM4H2022xXM8aIHEFIxsUpgG	ADE	asleep	70	76
SMM4H2022UO8moFxg6uzPs7U1	ADE	nerve amp tendon	67	83
SMM4H2022bvoGWlWfhQeixhUx	ADE	fever it caused sent my glucose up to 25	45	85
SMM4H2022GCVcpArk5rm2WMeM	ADE	like death	61	71
SMM4H2022PvXgC1bS4v7C3lej	ADE	to eat and sleep fatkidprobs	37	65
SMM4H2022cac1dGme7E4hYDWZ	ADE	weight gain to set in i was on lyrica for about a year didn t change my routine gained about 30 lbs	24	123
SMM4H20222QW0TuOxQZ5fLldL	ADE	quit viibryd cold turkey it s a disaster of withdrawals viibryd bipolar depression ocd meds confusion agitation itching	6	125
SMM4H2022lsgOouvsFx74JA44	ADE	unable to	75	84
SMM4H2022iOF5bkiQQNS7D2WG	ADE	tripped balls off tamiflu actually seeing and hearing	5	58
SMM4H2022goql2STNYa49Qvvc	ADE	high	69	73
SMM4H20227VhxHvPnwlKtuByC	ADE	stopped working	35	50
SMM4H20225FmCmMnu3JMGmxzx	ADE	heart palpitations	62	80
SMM4H2022JvOcbZjLtoQxAP2r	ADE	sleep	86	91
SMM4H2022YEIu8JtpcekSt1w5	ADE	mouth and stomach	79	96
SMM4H2022eCrp7PilpDa6GdnY	ADE	reaction	41	49
SMM4H2022gOvYvfPyGWE2dQc9	ADE	just don t sleep	0	16
SMM4H2022gXLVQaB4Cd70wXUg	ADE	withdrawal	27	37
SMM4H20227k8sYq89esZLyOcD	ADE	tired	72	77
SMM4H2022erAgXc6YGFSDhvjm	ADE	hernia	78	84
SMM4H2022DIY8VN5JJa28SKi1	ADE	withdrawing	47	58
SMM4H2022UC8V6ZpkRRxyzZRN	ADE	loopy i couldn t	64	80
SMM4H2022uqd8QSy60ML83olu	ADE	hallucinate	121	132
SMM4H2022kIDNrCaaPeHbIZNE	ADE	craziness	66	75
SMM4H2022wz0DClrwKnFuWl4E	ADE	mouth taste like hot buttered	42	71
SMM4H2022Nca5W72Rng6C8S7J	ADE	headache	16	24
SMM4H2022CL5FKCVDQupcrbCV	ADE	shake	18	23
SMM4H2022rJWpnCJUQqQ74LNV	ADE	addicted	12	20
SMM4H2022VnFxUlpTJYd7HbAD	ADE	ventolin injections. make the body move and tremble like jelly. weird and funny. body move and tremble like jelly	0	113
SMM4H2022xaMFsNuuz0ijDoKl	ADE	nauseated	25	34
SMM4H202279FfO8NAy5p4vGFk	ADE	floaty feeling	63	77
SMM4H2022bp8M9zf1PE9WFwfa	ADE	back pain	35	44
SMM4H2022rcsrf8OwcvdwdCCP	ADE	thick	117	122
SMM4H20221G8rZRurq8aNwJTq	ADE	sick	100	104
SMM4H20222UOFZb0CJ2xre8Qr	ADE	withdrawal	9	19
SMM4H2022dtQ4HQHl4CSYsOE2	ADE	forget	52	58
SMM4H2022t3JNoLSCmlovQkKx	ADE	reaction	29	37
SMM4H20228UXNpzNZnbLqp34h	ADE	detox	24	29
SMM4H2022rURHpGT1skFGAXtd	ADE	world	65	70
SMM4H2022XxDa8PjiE0CLm98A	ADE	dizziness much better than viibryd which had me puking	76	130
SMM4H2022uiM3xXlTRXMKdZx1	ADE	like my eyes are melting	7	31
SMM4H2022Kc4sWEfGqlH6JWWS	ADE	growing pains	24	37
SMM4H2022TB3Sh7B0EHwDP9Tz	ADE	withdrawal symptom of flu shot	9	39
SMM4H2022IOwZji5aahqomN9d	ADE	raging	58	64
SMM4H2022KadF1lO0iP4y5UFg	ADE	itchy legs	26	36
SMM4H2022QTrfiDnbSItWXGCK	ADE	bumps	27	32
SMM4H20220GdgpZr5BB7ZXgRn	ADE	gained 25 pounds	8	24
SMM4H20221v2dFFdomWXMPBPp	ADE	make you shit out your entire	57	86
SMM4H2022RcBYLLKg6xybApNX	ADE	@USER________ i wasnt sure if namenda helped me, but mail order messed up & i ran out 4 2 weeks & pain spiked- wasnt withdrawl pain-	0	132
SMM4H2022xVLMNOJ7CnrBJyIb	ADE	@USER_____ since vioxx killed my mother highly suggest persons who notice change in loved one, friend, anyone investigate adverse reactions.	0	140
SMM4H2022NuHiKeSQb3K4hrOt	ADE	bleed	24	29
SMM4H20223WPmK5azUmmF3IfU	ADE	coma	57	61
SMM4H202285D5PmfCRhfKFFuF	ADE	@USER____ hi Siva. I'm on a very high dose of Gabapentin but still get lots of pain in my feet & I also get the burning sensation in my legs	0	140
SMM4H2022lG0e0rqWdeyvlyTY	ADE	insomniacentral	63	78
SMM4H2022p9WyUH4TN8anUImV	ADE	allergic reaction	42	59
SMM4H20220SRIaBZI1vxAqt6z	ADE	ears rumble	24	35
SMM4H2022yFTCGo4lhEPr0YTD	ADE	zombie like tomorrow nothing is worth the brain cloud and lack	49	111
SMM4H20225g1hSlzSxFwStrCh	ADE	itchy is just a common side effect of oxycodone user user are you allergic	11	85
SMM4H2022d12iVWFlwT26ZFS2	ADE	visions	75	82
SMM4H2022tuUqbh7qntugSK7k	ADE	aggy	33	37
SMM4H2022Dt1uMFasyAlABbHN	ADE	dry skin thts	75	88
SMM4H2022HK709JbZF3FCGtuE	ADE	knocks me on my ass	77	96
SMM4H2022OZPqxLxzU7Y38UfT	ADE	reactions	45	54
SMM4H2022rrqqRuo1mn904ZrZ	ADE	gain a lot of weight	104	124
SMM4H2022w583d9hRvtJ6UnR7	ADE	mouth taste all bitter	25	47
SMM4H2022vwP6iquURMjuakjE	ADE	knocked me on my ass	46	66
SMM4H2022rDpqV5fl1ukMeM2F	ADE	bg is higher and takes longer to come down	19	61
SMM4H2022YbdlOkeWqxqCwBzN	ADE	yucky	59	64
SMM4H2022qG0poGRSTRTI2EoM	ADE	withdrawal	99	109
SMM4H2022oLbudXiLYPhyGpkf	ADE	pain patient i was an 11 year old burn survivor on tylenol 3 for over a year i also spent a year getting off ambien please don t assume your staff have never been through withdrawals	24	206
SMM4H2022zjOaQNSJAnKjUkM4	ADE	abuse	57	62
SMM4H2022LxBMoWvDKgmyM7bB	ADE	withdrawal	61	71
SMM4H2022pMJC4x8qL4a3nfSv	ADE	hives	129	134
SMM4H2022xlSJ1tZsKT6U9GQi	ADE	hallucinations	74	88
SMM4H2022z1r6l33AK84ClXP0	ADE	muscle deterioration	49	69
SMM4H2022bHXTL0Ja6HDnIFhw	ADE	addicted or build up a tolerance	54	86
SMM4H2022XUjs3ToXIUuuPnM5	ADE	feel like hell	43	57
SMM4H2022g2Py8dqhsFnVBxrJ	ADE	lupus	18	23
SMM4H2022XUhovRGqoBHShyEK	ADE	retarded	33	41
SMM4H202248K7mQEWd6l3y27p	ADE	skin dry	24	32
SMM4H2022STIxpNQKObdkKrx6	ADE	throw up before but humira has only made me really nauseous	32	91
SMM4H2022pw3S71y0sVuk3Fhp	ADE	burned	31	37
SMM4H2022kNVXhKcZYvBmOd3A	ADE	tired	95	100
SMM4H2022gLykMFrsQvUZ5qgA	ADE	sick and vomit	130	144
SMM4H2022AxMedOrC0zQWqua4	ADE	red circular rash	23	40
SMM4H2022o6vlXnlOaSQSoG5p	ADE	hangover	55	63
SMM4H2022xkR0wLIpfKmXsAEr	ADE	ability to concentrate and made me angry	33	73
SMM4H2022aJC0epwID2gLChLx	ADE	face starts breaking out	81	105
SMM4H2022HNpvoqKeDvkUtRWt	ADE	sleepy	53	59
SMM4H2022MaIRsGk3o2IYDEHx	ADE	shakes	33	39
SMM4H2022OIcJVS5Won4ppCl6	ADE	changed my brain	33	49
SMM4H2022pBlBh44g42J4IBiv	ADE	balk after the 24th tablet of the day my gag reflex	35	86
SMM4H2022omm2aJlpki8YOvkd	ADE	killing my leg tonight thanks for hitting the muscle and making me bleed	10	82
SMM4H20228dL2tRAxC5J7F8Xo	ADE	joint pain	38	48
SMM4H2022cvVqdUzXp9tJFrBT	ADE	can t sleep	2	13
SMM4H2022ywl5AvmQK8qzGQ5D	ADE	vision is blurred	3	20
SMM4H2022QjEFHmaVgNZEx3VC	ADE	weak af and your immune system	87	117
SMM4H2022NQRgRjhS0Kc3g9Ll	ADE	shaking	17	24
SMM4H2022BE81Rg1dPpMnmfhn	ADE	changes our bodies	39	57
SMM4H2022ogYsWAaKyFRCEMmA	ADE	headache	60	68
SMM4H2022hdOhGeHV91px3YqA	ADE	on the couch	43	55
SMM4H20223OKcEbScN85usZip	ADE	addicted	77	85
SMM4H2022I7IuUfJmMMlHLBlw	ADE	trouble sleeping	44	60
SMM4H2022UJizeQUO7p5ZrJ1u	ADE	withdrawals on top i ve managed to not sweat	139	183
SMM4H2022n86SIrU19dd29aj8	ADE	nausea	52	58
SMM4H2022XUkXOx7SmgkAjiAT	ADE	driest mouth	86	98
SMM4H2022bVI9QY1vLpUEy2h2	ADE	my heart beat all	42	59
SMM4H20229nx8rGpVNufE1xa0	ADE	drowsy	48	54
SMM4H2022NzX5g0yoTe7y8jzT	ADE	sick	56	60
SMM4H2022UmuYACyjFNTg0E1U	ADE	stomach hurting	17	32
SMM4H202269R6LOgttCYeurBL	ADE	pregabalin has made me twitch and have little muscle spasms, it has reduced pain but i think my twitch is drawing attention	0	123
SMM4H2022kvWRSghsCzy7ugp4	ADE	hurts soooo bad arthritisprobs	49	79
SMM4H2022URRAvirRnI5N1dtl	ADE	sleep paralysis	15	30
SMM4H202258ZSAXcBTPVlcAgE	ADE	horrible taste in his mouth	43	70
SMM4H20221VNBEox9oQkgcGW7	ADE	nod	77	80
SMM4H20228WDNxF2Azx6eQoca	ADE	allergic	42	50
SMM4H20221Z76UqwZfLyRPyzU	ADE	mouth taste like battery acid	72	101
SMM4H2022KLJbFODskPbJXjNN	ADE	not sleeping	105	117
SMM4H2022EP1zjMNzSpcaaibK	ADE	drunk sometimes i use to get spinny	41	76
SMM4H20220oUnNG4V4ADSYxzH	ADE	headache	37	45
SMM4H2022YQqnJH5iIdwJr0Dz	ADE	hell	41	45
SMM4H2022IMFLrSsDpkCIJwsd	ADE	albuterol making	4	20
